satellite,number,uplink,downlink,beacon,mode,callsign
Aalto-1,42775,,437.220/2402.000,437.220,9600bps FSK CW,OH2A1S
AAUSAT-2,32788,,437.426,,1k2*MSK 9k6 FSK,OZ2CUB
AAUSAT-4,41460,,437.425,437.425,2k4*/9k6/19k2 GFSK CW,OZ4CUB
AISTECHSAT-2,43768,,436.730,,4k8/9k6* FSK,
AISTECHSAT-3,44103,,436.730,,4k8/9k6* FSK,
AlfaCrux,52160,437.225,437.100*/437.225,,4800bps FSK Digipeater,
AmicalSat,46287,,436.100*/2415.300,,1k2*AFSK/9k6 GMSK,RS17S
AmurSat (AmGU-1),44394,,436.250,,4800bps mobitex,
AO-7 (Phase-2B),7530,145.850-145.950,29.400- 29.500,29.502,A,
AO-7 (Phase-2B),7530,432.125-432.175,145.975-145.925,145.970,B C,
AO-27 (EYESAT-A),22825,145.850,436.795,,1200bps AFSK FM,
AO-73 (FUNcube-1),39444,435.130-435.150,145.970-145.950,145.935,1200*bps BPSK SSB,
AO-91 (Fox-1B RadFxSat),43017,435.250,145.960,145.960,FM* CTCSS 67.0Hz/200bps DUV,
AO-92 (Fox-1D),43137,435.350/1267.350,145.880,145.880,FM CTCSS 67.0Hz/200bps DUV,
AO-95 (Fox-1Cliff),43770,435.300/1267.300,145.920,145.920,FM CTCSS 67.0Hz/200bps DUV*,
AO-109 (RadFXsat-2 Fox-1E),47311,145.860-145.890,435.790-435.760,435.750,1k2 BPSK SSB CW* FT4*,
Arduiqube (DIY-1 DO-111),47963,,437.125,437.125,50/100*bdRTTY 500bdFSK CW,
Armadillo,44352,,437.525,,19k2*/38k4 GMSK,KE5DTW
Astrocast-0.1,43798,,437.147/2403.000,,1200bps FSK,HB9GSF
Athenoxat-1,41168,,437.485,437.485,2k4*GMSK 4k8*AFSK CW,ATX1
BCCSAT-1,48041,,435.635,435.635,4800bps GMSK CW,HS0W
BDSat,52175,,145.850/436.025*,436.025,9600*bps GFSK CW,OK0BDS
BEESAT-5,48083,,435.950,,4800bps GMSK,DB0BEI
BEESAT-6,48083,,435.950,,4800bps GMSK,DB0BEJ
BEESAT-7,48084,,435.950,,4800bps GMSK,DB0BEK
BEESAT-8,48084,,435.950,,4800bps GMSK,DB0BEL
BEESAT-9,44412,,435.950,,4k8*/9k6 mobitex GMSK,DP0BEM
BisonSat,40968,,437.375,,9600bps GMSK,N7SKC
BlueWalker-3,53807,,437.500/2210.000,,2k4*/9k6 FSK,
Bobcat-1,46922,,436.600,,9k6/38k4/57k6* GMSK,BOBCAT-1
BRO-4,49066,,401.735,,9600bps FSK,
BRO-5,51061,,401.735,,4800bps FSK,
BRO-6,52422,,401.735,,9600bps FSK,
BRO-7,52174,,401.735,,9600bps FSK,
BSUSat-1(CubeBel-1),43666,436.200,436.200/436.990*,,4k8/9k6* GMSK Digipeater,EU10S
BugSat-1,40014,,437.445,,9600bps GMSK,LU7AA
BY70-2,45857,,436.200,,9600bps BPSK,
BY70-3,46839,,437.600,,9600bps BPSK,NPUBY3
CAPE-1,31130,,435.245,435.248,1200bps AFSK,K5USL
CAPE-3,47309,,145.825/437.325*,,1k2*AFSK 9k6 FSK,W5UL-11
CAS-1 (HO-68 XW-1),36122,,,435.790,CW,BJ1SA
CAS-2T,41847,145.925,435.615,435.710,FM CW*,CAS2T
CAS-3A (XW-2A),40903,435.030-435.050,145.685-145.665,145.640/145.660,9k6/19k2 GMSK/CW*,BJ1SB
CAS-3B (XW-2B),40911,435.090-435.110,145.750-145.730,145.705/145.725,9k6/19k2 GMSK/CW*,BJ1SC
CAS-3C (XW-2C),40906,435.150-435.170,145.815-145.795,145.770/145.790,9k6/19k2 GMSK/CW*,BJ1SD
CAS-3D (XW-2D),40907,435.210-435.230,145.880-145.860,145.835/145.855,9k6/19k2 GMSK/CW*,BJ1SE
CAS-3E (XW-2E),40909,435.270-435.290,145.935-145.915,145.890/145.910,9k6 GMSK/CW*,BJ1SF
CAS-3F (XW-2F),40910,435.330-435.350,146.000-145.980,145.955/145.975,9k6 GMSK/CW*,BJ1SG
CAS-3G (DCBB KAITUO-1B),40912,,145.475*/437.950,,9k6* GMSK,BJ1SH
CAS-3H (LilacSat-2),40908,144.350/144.390,144.390/437.225*,437.200,1k2/4k8*/9k6 AFSK/GFSK,BJ1SI
CAS-3I (NUDT-PhoneSat),40900,,437.300,,9k6 GFSK,BJ1SJ
CAS-4A (ZHUHAI-1 01),42761,435.210-435.230,145.880-145.860,,SSB*,
CAS-4A (ZHUHAI-1 01),42761,,145.835,145.855,4800bps GMSK CW,BJ1SK
CAS-4B (ZHUHAI-1 02),42759,435.270-435.290,145.935-145.915,,SSB*,
CAS-4B (ZHUHAI-1 02),42759,,145.890,145.910,4800bps GMSK CW,BJ1SL
CAS-6 (TIANQIN-1 TO-108),44881,435.270-435.290,145.935-145.915,,SSB,
CAS-6 (TIANQIN-1 TO-108),44881,,145.890,,4800bps GMSK,BJ1SO
CAS-6 (TIANQIN-1 TO-108),44881,,,145.910,CW,BJ1SO
CAS-9 (XW-3 HO-113),50466,145.870,435.180,,VHF/UHF SSB*,
CAS-9 (XW-3 HO-113),50466,,435.725,,4k8*GMSK telemetry,CAS9
CAS-9 (XW-3 HO-113),50466,,,435.575,UHF CW*,
CELESTA (ROBUSTA-1D),53111,,436.500,FX6FRB,1k2AFSK 2k4*/9k6GMSK,
CHOMPTT,43855,,437.560,,1k2*AFSK/9k6GMSK,WI2XVT
Cliff (Fox-1C AO-95),43770,435.300/1267.300,145.920,145.920,FM CTCSS 67.0Hz/200bps DUV,
Connecta-T1.1,52739,,401.525,,9600bps GMSK,CONT11
CO-55 (CUTE-I),27844,,437.470,436.838,1200bps AFSK CW*,JQ1YCY
CO-57 (XI-IV),27848,,437.490,436.848,1200bps AFSK CW*,JQ1YCW
CO-58 (XI-V),28895,,437.345,437.465,1200bps AFSK CW*,JQ1YGW
CO-65 (CUTE1.7+APDII),32785,,437.475,437.275,1200bps AFSK CW*,JQ1YTC
CO-66 (SEEDS-II),32791,,437.485,437.485,1k2AFSK CW* DigiTalker,JQ1YGU
Cliff (Fox-1C AO-95),,435.300/1267.300,145.920,,FM CTCSS 67.0Hz/200bps DUV,
CSIM-FD,43793,,437.250,,9k6*/19k2 GMSK,CSIM
CTIM-FD,52950,,437.250,,9600bps GFSK,
CubeBel-1(BSUSat-1),43666,436.200,436.200/436.990*,,4k8/9k6* GMSK Digipeater,EU10S
CubeBug-2 (LO-74),39440,,437.445,,1k2AFSK 9k6*FSK,CUBEB2-6
CubeSX-HSE,47952,,435.650/10455.000,,9k6FSK/DVB-S2,RS13S
CubeSX-HSE-2 (SXC3-213 HSE-AIS),53383,,435.570,,2400bps GMSK USP,RS21S
CubeSX-Sirius-HSE,47951,,437.050/10465.000,,2k4/9k6*FSK/DVB-S2,RS14S
CUTE,49263,,437.250/2402.000,,9k6*/19k2GMSK 1MbpsBPSK,CUTE
CUTE-I (CO-55),27844,,437.470,436.838,1200bps AFSK CW*,JQ1YCY
CUTE1.7+APDII (CO-65),32785,,437.475,437.275,1200bps AFSK CW*,JQ1YTC
DCBB (CAS-3G KAITUO-1B),40912,,145.475*/437.950,,9k6* GMSK,BJ1SH
DEKART,46493,,437.000,,4800bps mobitex,
DELFI-C3 (DO-64),32789,,145.870,,1200bps BPSK,DLFIC3
Delfi-PQ,51074,,436.650,,1k2*/2k4/19k2 FSK,DLFIPQ
DHABISAT (MYSAT-2),49017,,436.908,,1200bps BPSK,A68MX
Diwata-2 (PO-101),43678,437.500,145.900,145.900,FM* tone 141.3Hz CW,D1W2PH
DIY-1 (Arduiqube DO-111),47963,,437.125,437.125,100bdRTTY 500*bdFSK CW,CONDOL
DOSAAF-85 (RS-44),44909,145.935-145.995,435.670-435.610,435.605,SSB CW FT4,RS44
DO-64 (DELFI-C3),32789,,145.870,,1200bps BPSK,DLFIC3
DO-111 (DIY-1 Arduiqube),47963,,437.125,437.125,50/100*bdRTTY 500bdFSK CW,
Duchifat-1,40021,435.220,145.825/145.980,145.980,1200bps BPSK CW,4X4HSL
D-Star ONE iSat,43879,437.325,435.525/435.700*,,4k8*/9k6 GMSK,DP2GOS
D-Star ONE Sparrow,43881,437.325,435.525/435.700*,,4k8*/9k6 GMSK,DP1GOS
E1P-U2,37855,437.305,437.498,,1200bps AFSK_USBreceive,K7MSU-1
Egycubesat-1 (NARSScube-1),,,,437.970,CW,
EO-88 (FUNcube-5 Nayif-1),42017,435.015-435.045,145.990-145.960,145.940,1200bps BPSK SSB,
Es'Hail-2 (Phase-4A QO-100),43700,2400.050-2400.300,10489.550-10489.800,,Linear  transponder,
E-ST@R-II,41459,,437.485,437.485,1200bps AFSK CW,E-STAR-II
FacSat-1,43721,,437.350,,9600bps MSK,
FalconSAT-3,30776,145.840,435.103,,9600bps GMSK,PFS3-11 12
FEES-2,51441,,145.000/437.200*,,9600bps FSK 125k LoRa*,
FIREBIRD-3,40377,,437.396*/437.405,,19200bps FSK,K7MSU
FIREBIRD-4,40378,,437.219*/437.230,,19200bps FSK,K7MSU
FMN-1 (FengMaNiu-1),43192,145.945,435.350,,9600*bps BPSK FM,BUAABJ
FossaSat-2E1,50985,,401.700,,9600bps GFSK 125k LoRa*,
FossaSat-2E2,50984,,401.700,,9600bps GFSK 125k LoRa*,
FossaSat-2E3,50990,,401.700,,9600bps GFSK 125k LoRa*,
FossaSat-2E4,50987,,401.700,,9600bps GFSK 125k LoRa*,
FossaSat-2E5,51001,,401.700,,9600bps GFSK 125k LoRa*,
FossaSat-2E6,50991,,401.700,,9600bps GFSK 125k LoRa*,
FossaSat-2E7,50991,,401.700,,9600bps GFSK 125k LoRa*,
FossaSat-2E8,50991,,401.700,,9600bps GFSK 125k LoRa*,
FossaSat-2E9,50991,,401.700,,9600bps GFSK 125k LoRa*,
FossaSat-2E10,50991,,401.700,,9600bps GFSK 125k LoRa*,
FossaSat-2E11,50991,,401.700,,9600bps GFSK 125k LoRa*,
FossaSat-2E12,50991,,401.700,,9600bps GFSK 125k LoRa*,
FossaSat-2E13,50991,,401.700,,9600bps GFSK 125k LoRa*,
Fox-1B (RadFxSat AO-91),43017,435.250,145.960,145.960,FM* CTCSS 67.0Hz/200bps DUV,
Fox-1C (Cliff AO-95),43770,435.300/1267.300,145.920,145.920,FM CTCSS 67.0Hz/200bps DUV*,
Fox-1D (AO-92),43137,435.350/1267.350,145.880,145.880,FM CTCSS 67.0Hz/200bps DUV,
Fox-1E (RadFXsat-2 AO-109),47311,145.860-145.890,435.790-435.760,435.750,1k2 BPSK SSB CW* FT4*,
FO-29 (JAS-2),24278,145.900-146.000,435.900-435.800,435.795,SSB* CW DigiTalker,
FO-99 (NEXUS),43937,145.900-145.930,435.910-435.880,435.900/437.075*,9k6/38k4FSK pi/4QPSK CW*,JS1YAV
FUNcube-1 (AO-73),39444,435.130-435.150,145.970-145.950,145.935,1200*bps BPSK SSB,
FUNcube-4,43792,,145.895,,1200bps BPSK,
FUNcube-5 (Nayif-1 EO-88),42017,435.015-435.045,145.990-145.960,145.940,1200bps BPSK SSB,
FUNcube-6 (JY1Sat JO-97),43803,435.100-435.120,145.875-145.855,145.840,SSB 1k2*BPSK CW,JY1SAT
FUTABA,53463,,437.375,437.375,1200bps AFSK CW,JG6YBW
Geoscan-Edelveis,53385,,436.200,,9600bps GFSK USP,RS20S
GOMX-1,39430,,437.250,437.250,1k2/2k4/4k8*/9k6GMSK CW,
GO-32 (TechSat-1B),25397,145.850/145.930,435.225/435.325*,,9600bps FSK,4XTECH-11 12
GRBALPHA,47959,145.905,437.025,437.025,9k6GFSK Digipeater CW,OM9GRB
GREENCUBE,53109,,435.310,,0k3/1k2*/2k4*/4k8/9k6 FSK,
Grizu-263A,51025,,435.675/437.190*,,2k4*/4k8 FSK,
HA-1 (Zhou Enlai Huai'An-1),43156,145.930,436.950,437.350/437.644*,FM 9600bps BPSK,BI4ST
Hirogari (OPUSAT-II),47930,436.500,145.900,145.900,1k2AFSK/9k6/13k6GMSK CW,JL3ZKS
HITOMI (PRISM),33493,,437.425,437.250,1k2AFSK 9k6GMSK CW*,JQ1YCX
HORYU-4,41340,,437.375/2400.300,437.375*,1k2 AFSK 9k6 GMSK S-BPSK CW*,JG6YBW
HO-68 (XW-1 CAS-1),36122,,,435.790,CW,BJ1SA
HO-113 (XW-3 CAS-9),50466,145.870,435.180,,VHF/UHF SSB*,
HO-113 (XW-3 CAS-9),50466,,,435.575,UHF CW*,
HO-113 (XW-3 CAS-9),50466,,435.725,,4k8*GMSK telemetry,CAS9
HSU-SAT1,53462,,437.280,437.280,1k2AFSK 9K6GMSK SSTV CW,JS1YHS
Humsat-D,39433,,437.325*/437.525,437.325,1200*bps MSK CW,HUMDE
InnoSat-2,43738,,435.500*/437.450,,4800bps GMSK,
INSPIREsat-1,51657,,437.500,,9600bps GFSK,BCT
INS-2TD,51658,,435.080,,1200bps FSK,INDUST-10
ION-MK01,46274,,437.515,,1200bps FSK,
ION-SCV 005,52163,,401.415,,1200bps FSK,
IO-86 (LAPAN-A2 ORARI),40931,145.880/145.825,435.880/145.825,437.425,FM tone 88.5Hz/APRS,YBSAT/YBOX-1
IRIS-A,51044,,435.575/436.915*,,9600*bps GMSK LoRa,BN0IOT
iSat (D-Star ONE),43879,437.325,435.525/435.700*,,4k8*/9k6 GMSK,DP2GOS
ISOI (SXC3-219 Medex),53381,,437.650,,2400bps GMSK USP,RS19S
ISS,25544,145.825,145.825,,1200bps AFSK,RS0ISS ARISS
ISS,25544,145.990,437.800,,FM* tone 67.0Hz 9k6*FSK,NA1SS
IT-SPINS,49017,,437.405,,19200bps GMSK,K7MSU
ITUpSat-1,35935,,437.325,437.325,19200bps GFSK CW*,ITUPSAT
JAGSAT-1,53771,,437.325,,9600bps 2GFSK,
JAS-2 (FO-29),24278,145.900-146.000,435.900-435.800,435.795,SSB* CW (DigiTalker),
JO-97 (JY1Sat FUNcube-6),43803,435.100-435.120,145.875-145.855,145.840,SSB* 1k2BPSK CW,JY1SAT
Juvenile-1F(Shaonian-Xing),43199,,,436.370,9600bps BPSK,MXSAT-1
JY1Sat (FUNcube-6 JO-97),43803,435.100-435.120,145.875-145.855,145.840,SSB 1k2*BPSK CW,JY1SAT
Kaidun-1,41915,,437.600,,1200bps BPSK,AXNWPU-4
KAITUO-1B (CAS-3G DCBB),40912,,145.475*/437.950,,9k6* GMSK,BJ1SH
KAI-1,53378,,435.665*/435.765,,1k2AFSK 2k4*FSK,RS26S
KAZSCISAT-1,43787,,435.500,,9600bps GMSK,
KITSUNE,52148,,437.375,400.960,4800*bps GMSK CW*,JG6YBW JG6YNH
KKS-1 (KISEKI),33499,,437.445,437.385,1200bps AFSK CW*,JQ1YYY
KOSEN-1,49402,,21.125-21.150,435.525,1k2AFSK/9k6FSK CW*,JR5YGJ
KSU-Cubesat,47954,,437.130,,4800bps GMSK,KSUC1
KUZBASS-300 (SXC3-218 KuzSTU),53375,,437.700,,2400bps GMSK USP,RS34S
LAPAN-A2 (ORARI IO-86),40931,145.880/145.825,435.880/145.825,437.425,1k2*AFSK FM tone 88.5Hz,YBSAT/YBOX-1
LEDSAT,49069,,435.190,,9600bps GMSK,
Light-1,51509,,437.710,,1k2 BPSK 2k4*GMSK,
LightSail-2,44420,,437.025,,9600bps GMSK,KK6HIT-10
LilacSat-2 (CAS-3H),40908,144.350/144.390,144.390/437.225*,437.200,1k2/4k8*/9k6 AFSK/GFSK,BJ1SI
LituanicaSAT-2 (LT01),42768,,437.265,,9600bps FSK,LY0LS
LO-74 (CubeBug-2),39440,,437.445,,1k2AFSK 9k6FSK,CUBEB2-6
LO-87 (NuSat-1),41557,,436.445,,9k6/19k2/40k0* GFSK,
LO-90 (LilacSat-1 CN02),42725,145.985,436.510,,9600bps BPSK FM,ON02CN
Lucky-7,44406,,437.525,,4k8*/9k6 GFSK,
LUME-1,43908,,437.060,,4800bps GMSK,
Max Valier Sat,42778,,145.860,145.960*/437.325,CW,II3MV
MCubed-2,39469,,437.479,,9600bps GMSK,NOCALL
MeznSat,46489,,436.600,,1k2/2k4/4k8* BPSK,A68MZ
MIET-AIS (SXC3-214),53377,,437.900,,2400bps GMSK USP,RS28S
MIMAN,52900,,436.500,,2400bps FSK,
MONITOR-1 (SXC3-212 MGU),53374,,437.550,,2400bps GMSK USP,RS32S
MOVE-2,43780,437.800,145.950,145.950,12k5 BPSK CW,DB0MVE
MO-105 (SMOG-P),44832,,437.150,,12.5kbps GMSK,
MO-110 (SMOG-1),47964,,437.345,437.345,2GMSK CW,
MO-112 (MIR-SAT1),48868,145.9875,436.925,,9600bps GMSK,3B8MIR
MXSAT-1(Shaonian-Xing Juvenile-1F),43199,,,436.370,9600bps BPSK,MXSAT-1
MYSAT-1,44045,,435.775,,1k2*/4k8/9k6 BPSK,A68MY
MYSAT-2 (DHABISAT),49017,,436.908,,1200bps BPSK,A68MX
M-Cubed,37855,,437.485,,9600bps GMSK,
NanosatC-Br2,47950,,145.865,,1k2*/2k4/4k8/9k6BPSK,NCBR2
Nayif-1 (FUNcube-5 EO-88),42017,435.015-435.045,145.990-145.960,145.940,1200*bps BPSK SSB,
NETSAT-1,46506,,435.600,,9600bps FSK,DP2NSA
NETSAT-2,46507,,435.600,,9600bps FSK,DP2NSB
NETSAT-3,46505,,435.600,,9600bps FSK,DP2NSC
NETSAT-4,46504,,435.600,,9600bps FSK,DP2NSD
NEXUS (FO-99),43937,145.900-145.930,435.910-435.880,435.900/437.075*,9k6/38k4FSK pi/4QPSK CW*,JS1YAV
Norbi,46494,,436.700,,9600bps FSK/250k_LoRa,CUBSAT
NO-44 (PCSAT-1),26931,145.827,145.827,,1200bps AFSK,(A) W3ADO-1
NO-44 (PCSAT-1),26931,435.250,145.827,,9600bps FSK,(A) PCSAT-1
NO-104 (PSAT-2),44354,28.120/145.825,145.825/435.350*/437.605,,1k2 SSTV* PSK31,
NO-116 (SanoSat-1),51031,,436.235,436.235,500*bps GFSK RTTY* CW,AM9NPQ
OPS-SAT,44878,,437.200,,9600bps GMSK,DP0OPS
ORBICRAFT-ZORKIY,47960,,437.850*/437.950/10465.000,,2k4/9k6*FSK DVB-S2,RS15S
OreSat-0,52017,,436.500/2425.000,436.500,9k6FSK 96kGMSK 1M_DPSK CW,KJ7SAT
Painani-1,44365,,437.475,,9600bps GMSK,SPACE
Painani-2,48942,,437.475/2410.300,,9600bps GMSK,
PCSAT-1 (NO-44),26931,145.827,145.827,,1200bps AFSK,(A) W3ADO-1
Phase-4A (Es'Hail-2 QO-100),43700,2400.050-2400.300,10489.550-10489.800,,Linear  transponder,
PicSat,43132,145.910,435.525,,1k2*/9k6 BPSK FM,PICSAT-2
PLANETUM-1,52738,145.925,436.680,436.680,9k6*GFSK CW Digipeater,
PlantSat,52188,,437.240,,4800bps FSK,
PLATFORM-1,52770,,400.360,,4k8*/9k6 GFSK,SS2141
PolyITAN-1,40042,,437.677,437.677,9600*bps BFSK CW,EM0UKP
PO-101 (Diwata-2),43678,437.500,145.900,145.900,FM* tone 141.3Hz CW,D1W2PH
PRISM (HITOMI),33493,,437.425,437.250,1k2AFSK 9k6GMSK CW*,JQ1YCX
PSAT-2 (NO-104),44354,29.350/145.825,145.825/435.350*/437.605,,1k2 SSTV* PSK31,
QO-100 (Phase-4A Es'Hail-2),43700,2400.050-2400.300,10489.550-10489.800,,Linear  transponder,
RadFxSat (Fox-1B AO-91),43017,435.250,145.960,145.960,FM* CTCSS 67.0Hz/200bps DUV,
RadFXsat-2 (Fox-1E AO-109),47311,145.860-145.890,435.790-435.760,435.750,1k2 BPSK SSB CW* FT4*,
RANDEV,52898,,436.030,,1k2*/9k6 BPSK,RANDEV
Reaktor Hello World,43743,,437.775/2410.000,437.775,9k6* 2GFSK/1MbpsMSK CW*,OH2RHW1
RESHUCUBE (SXC3-2111 SibSU),53382,,435.380,,2400bps GMSK USP,RS8S
ROBUSTA-1B,42792,,437.325,437.325,1200bps AFSK CW,FX6FR
ROBUSTA-1D (CELESTA),53111,,436.500,,1k2AFSK 2k4*/9k6GMSK,FX6FRB
SALSAT,46495,,435.900/435.950,,1200bps AFSK,
SanoSat-1 (NO-116),51031,,436.235,436.235,500*bps GFSK RTTY* CW,AM9NPQ
SaudiSat-1C (SO-50),27607,145.850,436.795,,FM* tone 67.0Hz,
SEEDS-II (CO-66),32791,,437.485,437.485,1k2AFSK CW* DigiTalker,JQ1YGU
SelfieSat,53951,,437.500,,9600bps 2FSK,WJ2XOX
Shaonian-Xing(Juvenile-1F),43199,,,436.370,9600bps BPSK,MXSAT-1
Siren (SXC3-217),53384,,437.750,,2400bps GMSK USP,RS30S
Skoltech-B1,53379,,435.000*/435.600,,9600bps GMSK USP,R0AJU-1
Skoltech-B2,53380,,435.000*/435.600,,9600bps GMSK USP,R0AJU-1
SMOG-1 (MO-110),47964,,437.345,437.345,2GMSK CW,
SMOG-P (MO-105),44832,,437.150,,12.5kbps GMSK,
Sokrat,44404,,436.000,,4800bps mobitex GMSK,
SOMP,39134,,437.485,437.503,1200bps AFSK CW*,DP0TUD
SOMP-2B,47445,,435.600,,9600bps GMSK,DP2TUD
SO-50 (SaudiSat-1C),27607,145.850,436.795,,FM* tone 67.0Hz,
SO-114 (EASAT-2),51081,145.875,436.666,436.666,1k2/2k4 AFSK APRS FM CW*,AM5SAT
Sparrow (D-Star ONE),43881,437.325,435.525/435.700*,,4k8*/9k6 GMSK,DP1GOS
SPROUT,39770,,437.525,437.525,1k2AFSK 9k6GMSK CW*,JQ1ZJQ
STARS (KUKAI mother),33498,,437.485,437.305,1200bps FM CW*,JR5YBN
STARS (KUKAI daughter),33498,,437.465,437.275,1200bps FM CW*,JR5YBO
STEP CubeLab (STEP-1),43138,,437.485,437.485,9600bps FSK CW*,
STEP CubeLab-II,52897,,437.485,,9600bps GMSK,STEP2
STRaND-1,39090,,437.568,,9600bps GMSK,
SUCHAI,42788,,437.225,437.229,CW,SUCHAI
SUCHAI-2,52192,,437.230,,4800bps FSK,
SUCHAI-3,52191,,437.250,,4800bps FSK,
Suomi-100,43804,,437.775/2410.000,,9600bps GMSK,
SWSU-55 No3 (SWGU No7),53309,,437.050/437.075,,1k145 AFSK SSTV AUDIO,RS1S
SWSU-55 No5 (SWGU No9),53308,,437.050/437.100,,1k145 AFSK SSTV AUDIO,RS3S
SWSU-55 No6 (SWGU No10),53321,,437.050/437.087,,1k145 AFSK SSTV AUDIO,RS4S
SWSU-55 No7 (SWGU No11),53310,,437.050/437.1125,,1k145 AFSK SSTV AUDIO,RS5S
SWSU-55 No8 (SWGU No12),53311,,437.050/437.000,,1k145 AFSK SSTV AUDIO,RS6S
SXC3-212 (MGU MONITOR-1),53374,,437.550,,2400bps GMSK USP,RS32S
SXC3-213 (HSE-AIS CubeSX-HSE-2),53383,,435.570,,2400bps GMSK USP,RS21S
SXC3-214 (MIET-AIS),53377,,437.900,,2400bps GMSK USP,RS28S
SXC3-215 (Vizard),53386,,437.800,,2400bps GMSK USP,RS33S
SXC3-216 (UTMN),53376,,435.670,,2400bps GMSK USP,RS23S
SXC3-217 (Siren),53384,,437.750,,2400bps GMSK USP,RS30S
SXC3-218 (KuzSTU KUZBASS-300),53375,,437.700,,2400bps GMSK USP,RS34S
SXC3-219 (Medex ISOI),53381,,437.650,,2400bps GMSK USP,RS19S
SXC3-2110 (Voenmeh),53373,,436.050,,2400bps GMSK USP,RS29S
SXC3-2111 (SibSU RESHUCUBE),53382,,435.380,,2400bps GMSK USP,RS8S
TBEx-A,44356,,437.485,,9600bps GMSK,KF6RFX
TBEx-B,44359,,437.485,,9600bps GMSK,KF6RFX
TechSat-1B (GO-32),25397,145.850/145.930,435.225*/435.325,,9600bps FSK,4XTECH-11 12
TeikyoSat-4,49396,,437.450/5831.000,437.450,1k2AFSK/9k6GMSK/115k2FSK CW*,JS1YHH
Tevel-1,51013,145.970,436.400,,9600bps BPSK FM,T1OFK
Tevel-2,51069,145.970,436.400,,9600bps BPSK FM,T2YRC
Tevel-3,50988,145.970,436.400,,9600bps BPSK FM,T3TYB
Tevel-4,51063,145.970,436.400,,9600bps BPSK FM,T4ATA
Tevel-5,50998,145.970,436.400,,9600bps BPSK FM,T5SNG
Tevel-6,50999,145.970,436.400,,9600bps BPSK FM,T6NZR
Tevel-7,51062,145.970,436.400,,9600bps BPSK FM,T7ADM
Tevel-8,50989,145.970,436.400,,9600bps BPSK FM,T8GBS
Tianwang-1A (TW-1A SECM-1),40928,,435.645,,4k8*/9k6 GMSK,
Tianwang-1C (TW-1C NJFA-1),40926,,435.645,,4k8*/9k6 GMSK,
Tianyi-2 (TY-2 Xiaoxiang-2),43155,435.350/2403.000/5653.000,435.350*/2403.000/5833.000,,9k6 GMSK/5Mbps OFDM,
Tianyi-4 (TY-4 Xiaoxiang-4),43669,435.925/2409.000/5659.000,435.925*/2409.000/5839.000,,9k6 GMSK/5Mbps OFDM,
TigriSat,40043,,435.000,,9600bps FSK,HNATIG
TO-108 (CAS-6 TIANQIN-1),44881,435.270-435.290,145.935-145.915,,SSB*,
TRSI-2,52419,,437.075,,2400bps BPSK,
TRSI-3,52420,,437.075,437.075,MFSK CW,
Tsiolkovsky_Ryazan-1,53312,,437.050/437.025,,1k145 AFSK SSTV AUDIO,RS9S
Tsiolkovsky_Ryazan-2,53313,,437.050/437.0125,,1k145 AFSK SSTV AUDIO,RS12S
TTU100,46312,,435.450*/10465.000,ES1WS,9k6* FSK/GMSK/MSK/OQPSK,
TY-4 (Tianyi-4 Xiaoxiang-4),43669,435.925/2409.000/5659.000,435.925*/2409.000/5839.000,,9k6 GMSK/5Mbps OFDM,
UniSat-6,40012,,437.421,,9600bps GMSK,II0US
UniSat-7,47945,,437.425,,9600bps FSK,II0US
UO-11 (UoSAT-2),14781,,145.826*/435.025,2401.500,(V)FM (S)PSK,UOSAT-2
UPMSat-2,46276,,437.405,,1200bps BFSK,UPMST2
UTMN (SXC3-216),53376,,435.670,,2400bps GMSK USP,RS23S
UVSQ-Sat,47438,145.905,437.020,,1k2/9k6* BPSK FM*,LATMOS-1
UWE-4,43880,437.375,435.600*/437.375/437.385,,9600bps FSK Digipeater,DP0UWH
VDNH-80,44392,,436.500,,4800bps mobitex,
VELOX-III,41935,,437.375,437.375,1200bps AFSK CW,JG6YBW
Vizard (SXC3-215),53386,,437.800,,2400bps GMSK USP,RS33S
Voenmeh (SXC3-2110),53373,,436.050,,2400bps GMSK USP,RS29S
VZLUsat-1 (CZ02),42790,,437.240,437.240,4800bps MSK CW*,VZLUSAT1
VZLUsat-2,51085,,437.325,,1k2/4k8/9k6 GMSK,
Xiaoxiang-2 (TY-2 Tianyi-2),43155,435.350/2403.000/5653.000,435.350*/2403.000/5833.000,,9k6 GMSK/5Mbps OFDM,
Xiaoxiang-4 (TY-4 Tianyi-4),43669,435.925/2409.000/5659.000,435.925*/2409.000/5839.000,,9k6 GMSK/5Mbps OFDM,
XI-IV (CO-57),27848,,437.490,436.848,1200bps AFSK CW*,JQ1YCW
XI-V (CO-58),28895,,437.345,437.465,1200bps AFSK CW*,JQ1YGW
XW-1 (HO-68 CAS-1),36122,,,435.790,CW,BJ1SA
XW-2A (CAS-3A),40903,435.030-435.050,145.685-145.665,145.640/145.660,9k6/19k2 GMSK/CW*,BJ1SB
XW-2B (CAS-3B),40911,435.090-435.110,145.750-145.730,145.705/145.725,9k6/19k2 GMSK/CW*,BJ1SC
XW-2C (CAS-3C),40906,435.150-435.170,145.815-145.795,145.770/145.790,9k6/19k2 GMSK/CW*,BJ1SD
XW-2D (CAS-3D),40907,435.210-435.230,145.880-145.860,145.835/145.855,9k6/19k2 GMSK/CW*,BJ1SE
XW-2E (CAS-3E),40909,435.270-435.290,145.935-145.915,145.890/145.910,9k6 GMSK/CW*,BJ1SF
XW-2F (CAS-3F),40910,435.330-435.350,146.000-145.980,145.955/145.975,9k6 GMSK/CW*,BJ1SG
XW-3 (CAS-9 HO-113),50466,145.870,435.180,,VHF/UHF SSB*,
XW-3 (CAS-9 HO-113),50466,,,435.575,UHF CW*,
XW-3 (CAS-9 HO-113),50466,,435.725,,4k8*GMSK telemetry,CAS9
Yarilo-1,46490,,435.350,,,
Yarilo-2,46490,,435.550,,,
ZACube-1,39417,145.860,437.355,14.099,1k2AFSK/9k6* GMSK CW,123456
Zhou Enlai (Huai'An-1 HA-1),43156,145.930,436.950,437.350/437.644*,FM 9600bps BPSK,BI4ST
Z-Sat,49399,435.480,145.875,145.875,9k6GMSK FM CW*,JJ2YPO
